[
  {
    "id": 1,
    "number": 1,
    "question": "nigdy przenigdy"
  },
  {
    "id": 2,
    "number": 2,
    "question": "Skomplementuj każdego"
  },
  {
    "id": 3,
    "number": 3,
    "question": "Pokaż ostatniego swojego screena"
  },
  {
    "id": 8,
    "number": 4,
    "question": "witam elo"
  },
  {
    "id": 9,
    "number": 5,
    "question": "darek"
  },
  {
    "id": 10,
    "number": 6,
    "question": "Zamiana miejsc"
  },
  {
    "id": 12,
    "number": 7,
    "question": "Zamiana miejsc"
  }
]